"app_score","rev_body_len","rev_pos_ascend","rev_pos_descend","avg_cosine_similarity_text","avg_levenshtein_dist_text","numeric_text_ratio","rev_rating","stdev_revApp_rating","avg_words_freq_text","num_unique_words_text","unique_words_to_words_text_ratio","avg_num_letters_per_word","stdev_revrating_avgrevratingapp","automated_readability_index_text","avg_cosine_similarity_title","avg_levenshtein_dist_title","brand_names_in_title","avg_words_freq_title","num_unique_words_title","unique_words_to_words_title_ratio","stdev_num_words_title_text","first_rev","only_rev","brand_names_in_text","polarity_text","predicted"
4.28000020980835,10,3,3,0.361535054219797,22,0,5,0.509116734097407,1,2,1,5,0.14142135623731,3.12,0,0,0,0,0,"0","0.707106781186548","1","1","0","2","Spam"
4.28000020980835,38,2,4,0.35466621500831,27.2,0,5,0.509116734097407,1.16666666666667,6,0.857142857142857,5.42857142857143,0.14142135623731,7.63857142857143,0,0,0,0,0,"0","4.24264068711928","1","1","0","2","Spam"
4.28000020980835,38,5,1,0.324481379158041,24.2,0,5,0.509116734097407,1,8,1,4.75,0.14142135623731,4.9425,0,0,0,0,0,"0","4.94974746830583","1","0","0","1","Spam"
4.28000020980835,13,1,5,0.8,26.4,0,5,0.509116734097407,0,0,0,0,0.14142135623731,0,0,0,0,0,0,"0","0.707106781186548","1","1","0","2","Spam"
4.28000020980835,43,4,2,0.33506785819169,27.4,0.0232558139534884,4,0.19799004708914,1,7,1,6.14285714285714,0.565685424949238,11.0028571428571,0,0,0,0,0,"0","4.24264068711928","1","1","0","1","Spam"
